Top pages,Clicks,Impressions,CTR,Position
https://www.myrecoverypal.com/,7,27,25.93%,5.59
https://www.myrecoverypal.com/about/,0,16,0%,4.31
https://www.myrecoverypal.com/contact/,0,7,0%,14.43
https://www.myrecoverypal.com/install/,0,6,0%,4.5
https://www.myrecoverypal.com/store/,0,4,0%,5
https://myrecoverypal.com/resources/,0,4,0%,5.5
https://www.myrecoverypal.com/privacy/,0,4,0%,6
https://myrecoverypal.com/blog/,0,3,0%,4
https://myrecoverypal.com/terms/,0,3,0%,5
https://myrecoverypal.com/accounts/login/,0,3,0%,5.67
https://www.myrecoverypal.com/crisis/,0,3,0%,6
https://www.myrecoverypal.com/accounts/social-feed/,0,3,0%,7.67
https://www.myrecoverypal.com/support/,0,2,0%,3.5
https://myrecoverypal.com/accounts/community/,0,2,0%,5
https://myrecoverypal.com/accounts/community/?filter=new,0,2,0%,6.5
https://www.myrecoverypal.com/support/meetings/,0,2,0%,6.5
https://myrecoverypal.com/blog/post/how-to-break-the-invisible-rope-overcoming-limiting-beliefs-in-recovery/,0,2,0%,7.5
https://www.myrecoverypal.com/blog/post/when-defeat-becomes-your-superpower-embracing-aa-regeneration/,0,2,0%,9.5
https://www.myrecoverypal.com/blog/post/when-excuses-end-and-ownership-begins-a-daily-wake-up-call-for-your-recovery/,0,1,0%,3
https://www.myrecoverypal.com/blog/post/why-waiting-for-a-miracle-wont-save-your-sobriety-and-what-will/,0,1,0%,3
https://myrecoverypal.com/blog/?filter=recent,0,1,0%,6
https://www.myrecoverypal.com/blog/post/turning-persistence-into-progress-a-daily-recovery-reading-for-growth/,0,1,0%,7
https://myrecoverypal.com/blog/tag/research/?page=1,0,1,0%,8
https://www.myrecoverypal.com/blog/category/support-systems/,0,1,0%,8
https://www.myrecoverypal.com/blog/tag/meditation/?page=1,0,1,0%,9
https://myrecoverypal.com/blog/post/when-life-shows-up-staying-present-in-recovery-amid-global-uncertainty/,0,1,0%,10
https://www.myrecoverypal.com/blog/category/life-skills/?filter=popular,0,1,0%,10